1,Emmie,Jones
2,Emmie,Jones
3,Kenneth,White
4,Jim,Evans
5,Robert,Rodriguez
6,Kathy,Ellington
7,Paul,Clark
8,Thomas,Orcutt
9,Scarlet,Curtis
10,Jeff,Spellman
11,Barbara,Bloggs
12,Audrey,Cook
13,Michael,Roof
14,Alicia,Wilson
15,Milagros,Myers
16,James,Jones
17,Charles,Colquitt
18,Garry,Fuller
19,Dena,Riley
20,Ryan,Norton
21,Vicki,Lafrance
22,Erasmo,Barnes
23,Ronald,Ballou
24,David,Hurlbert
25,Robert,Massaro
26,Rosemary,Chavez
27,Jermaine,Sheets
28,Julie,Jones
29,Michael,Estes
30,Thomas,Pena
31,Vickey,White
